Smoky Black   Hex=#100c08,10,4,4
Color,R,G,B
Lapis Lazuli   Hex=#26619c,36,125,150
Color,R,G,B
Teal Blue   Hex=#367588,32,119,145
Color,R,G,B
Blue Sapphire   Hex=#126180,29,109,131
Color,R,G,B
Blue Sapphire   Hex=#126180,22,99,122
Color,R,G,B
Blue Sapphire   Hex=#126180,25,101,124
Color,R,G,B
Blue Sapphire   Hex=#126180,26,101,124
Color,R,G,B
Blue Sapphire   Hex=#126180,26,101,124
Color,R,G,B
Blue Sapphire   Hex=#126180,22,109,133
Color,R,G,B
Celadon Green   Hex=#2f847c,44,136,158
Color,R,G,B
Blue Sapphire   Hex=#126180,16,87,107
Color,R,G,B
Rose Ebony   Hex=#674846,107,71,61
Color,R,G,B
Msu Green   Hex=#18453b,31,60,66
Color,R,G,B
Dark Slate Gray   Hex=#2f4f4f,33,73,83
Color,R,G,B
Slate Gray   Hex=#708090,104,129,148
Color,R,G,B
Payne'S Grey   Hex=#536878,77,97,118
Color,R,G,B
Stormcloud   Hex=#4f666a,75,89,107
Color,R,G,B
Davy'S Grey   Hex=#555,88,81,94
Color,R,G,B
Davy'S Grey   Hex=#555,90,82,99
Color,R,G,B
Wenge   Hex=#645452,102,86,102
Color,R,G,B
Raspberry Glace   Hex=#915f6d,132,93,107
Color,R,G,B
Raspberry Glace   Hex=#915f6d,149,88,103
Color,R,G,B
Raspberry Glace   Hex=#915f6d,154,92,106
Color,R,G,B
Eggplant   Hex=#614051,97,67,81
Color,R,G,B
Charcoal   Hex=#36454f,53,67,81
Color,R,G,B
Charcoal   Hex=#36454f,47,62,75
Color,R,G,B
Charcoal   Hex=#36454f,48,63,76
Color,R,G,B
Eggplant   Hex=#614051,97,73,95
Color,R,G,B
Mountbatten Pink   Hex=#997a8d,171,124,143
Color,R,G,B
Puce   Hex=#c89,210,146,161
Color,R,G,B
Turkish Rose   Hex=#b57281,176,110,126
Color,R,G,B
English Lavender   Hex=#b48395,163,131,145
Color,R,G,B
Dim Gray   Hex=#696969,97,95,109
Color,R,G,B
Cadet   Hex=#536872,85,99,116
Color,R,G,B
Cadet   Hex=#536872,85,97,114
Color,R,G,B
Stormcloud   Hex=#4f666a,85,93,108
Color,R,G,B
Stormcloud   Hex=#4f666a,85,93,108
Color,R,G,B
Payne'S Grey   Hex=#536878,80,101,119
Color,R,G,B
Stormcloud   Hex=#4f666a,76,95,111
Color,R,G,B
Stormcloud   Hex=#4f666a,83,92,106
Color,R,G,B
Stormcloud   Hex=#4f666a,88,91,103
Color,R,G,B
Raspberry Glace   Hex=#915f6d,155,98,111
Color,R,G,B
Blast-Off Bronze   Hex=#a57164,165,103,116
Color,R,G,B
Deep Ruby   Hex=#843f5b,120,78,92
Color,R,G,B
Deep Ruby   Hex=#843f5b,120,78,92
Color,R,G,B
Stormcloud   Hex=#4f666a,86,92,103
Color,R,G,B
Aurometalsaurus   Hex=#6e7f80,111,117,129
Color,R,G,B
Dark Jungle Green   Hex=#1a2421,32,32,39
Color,R,G,B
Otter Brown   Hex=#654321,94,66,49
Color,R,G,B
Taupe   Hex=#483c32,89,62,45
Color,R,G,B
Dark Jungle Green   Hex=#1a2421,30,33,39
Color,R,G,B
Dark Jungle Green   Hex=#1a2421,40,32,37
Color,R,G,B
Taupe   Hex=#483c32,74,57,58
Color,R,G,B
Dark Jungle Green   Hex=#1a2421,28,30,36
Color,R,G,B
Dark Jungle Green   Hex=#1a2421,37,33,38
Color,R,G,B
Taupe   Hex=#483c32,76,47,56
Color,R,G,B
Cordovan   Hex=#893f45,138,65,67
Color,R,G,B
Old Lavender   Hex=#796878,116,109,113
Color,R,G,B
Trolley Grey   Hex=#808080,124,126,132
Color,R,G,B
Grullo   Hex=#a99a86,173,144,130
Color,R,G,B
Wine   Hex=#722f37,99,48,43
Color,R,G,B
Taupe   Hex=#483c32,76,53,49
Color,R,G,B
Jet   Hex=#343434,60,48,46
Color,R,G,B
Jet   Hex=#343434,62,49,46
Color,R,G,B
Davy'S Grey   Hex=#555,83,89,95
Color,R,G,B
Dim Gray   Hex=#696969,102,105,110
Color,R,G,B
Raw Umber   Hex=#826644,138,90,72
Color,R,G,B
Dark Jungle Green   Hex=#1a2421,41,34,38
Color,R,G,B
Old Lavender   Hex=#796878,123,113,115
Color,R,G,B
Liver   Hex=#534b4f,85,73,69
Color,R,G,B
Umber   Hex=#635147,92,78,63
Color,R,G,B
Taupe   Hex=#483c32,83,69,57
Color,R,G,B
Aurometalsaurus   Hex=#6e7f80,110,124,127
Color,R,G,B
Arsenic   Hex=#3b444b,55,66,75
Color,R,G,B
Outer Space   Hex=#414a4c,66,77,81
Color,R,G,B
Feldgrau   Hex=#4d5d53,76,87,94
Color,R,G,B
Outer Space   Hex=#414a4c,70,79,88
Color,R,G,B
Outer Space   Hex=#414a4c,67,80,95
Color,R,G,B
Charcoal   Hex=#36454f,54,61,79
Color,R,G,B
Umber   Hex=#635147,112,88,71
Color,R,G,B
Umber   Hex=#635147,113,90,70
Color,R,G,B
Umber   Hex=#635147,112,88,70
Color,R,G,B
Umber   Hex=#635147,112,88,70
Color,R,G,B
Umber   Hex=#635147,113,90,70
Color,R,G,B
Umber   Hex=#635147,113,90,70
Color,R,G,B
Umber   Hex=#635147,114,91,71
Color,R,G,B
Umber   Hex=#635147,113,90,68
Color,R,G,B
Raw Umber   Hex=#826644,116,92,71
Color,R,G,B
Pastel Brown   Hex=#836953,130,109,89
Color,R,G,B
Pastel Brown   Hex=#836953,127,106,86
Color,R,G,B
Umber   Hex=#635147,113,91,73
Color,R,G,B
Umber   Hex=#635147,111,87,68
Color,R,G,B
Taupe   Hex=#483c32,84,64,56
Color,R,G,B
Beaver   Hex=#9f8170,159,135,115
Color,R,G,B
Black Leather Jacket   Hex=#253529,43,38,42
Color,R,G,B
Deep Coffee   Hex=#704241,110,70,60
Color,R,G,B
Pale Taupe   Hex=#bc987e,188,150,133
Color,R,G,B
Pastel Pink   Hex=#dea5a4,206,172,161
Color,R,G,B
Pearl   Hex=#eae0c8,238,208,199
Color,R,G,B
Pale Silver   Hex=#c9c0bb,219,193,183
Color,R,G,B
Bazaar   Hex=#98777b,148,123,121
Color,R,G,B
Bazaar   Hex=#98777b,150,118,110
Color,R,G,B
Rose Taupe   Hex=#905d5d,144,99,92
Color,R,G,B
Tuscan Red   Hex=#7c4848,126,81,78
Color,R,G,B
Pastel Pink   Hex=#dea5a4,202,165,159
Color,R,G,B
Snow   Hex=#fffafa,255,254,247
Color,R,G,B
Mountbatten Pink   Hex=#997a8d,153,141,140
Color,R,G,B
Wine   Hex=#722f37,90,47,52
Color,R,G,B
Wine   Hex=#722f37,100,49,54
Color,R,G,B
Wine   Hex=#722f37,97,47,50
Color,R,G,B
Dim Gray   Hex=#696969,107,99,99
Color,R,G,B
Pale Silver   Hex=#c9c0bb,202,186,176
Color,R,G,B
Pastel Gray   Hex=#cfcfc4,220,202,192
Color,R,G,B
Pastel Gray   Hex=#cfcfc4,220,202,192
Color,R,G,B
Khaki (Html/Css) (Khaki)   Hex=#c3b091,196,161,144
Color,R,G,B
Tea Rose (Rose)   Hex=#f4c2c2,222,198,190
Color,R,G,B
Dark Gray   Hex=#a9a9a9,184,169,168
Color,R,G,B
Rose Quartz   Hex=#aa98a9,175,158,158
Color,R,G,B
Pastel Gray   Hex=#cfcfc4,222,204,198
Color,R,G,B
Pale Silver   Hex=#c9c0bb,222,193,182
Color,R,G,B
Desert Sand   Hex=#edc9af,228,195,180
Color,R,G,B
Desert Sand   Hex=#edc9af,232,199,184
Color,R,G,B
Desert Sand   Hex=#edc9af,232,199,184
Color,R,G,B
Pale Chestnut   Hex=#ddadaf,208,179,173
Color,R,G,B
Desert Sand   Hex=#edc9af,225,195,184
Color,R,G,B
Desert Sand   Hex=#edc9af,235,204,190
Color,R,G,B
Beaver   Hex=#9f8170,145,124,111
Color,R,G,B
Antique Brass   Hex=#cd9575,200,160,116
Color,R,G,B
Tumbleweed   Hex=#deaa88,213,174,130
Color,R,G,B
Pale Gold   Hex=#e6be8a,231,196,151
Color,R,G,B
Peru   Hex=#cd853f,181,130,63
Color,R,G,B
Peru   Hex=#cd853f,188,134,66
Color,R,G,B
Peru   Hex=#cd853f,191,135,66
Taupe Gray   Hex=#8b8589,138,137,137
Color,R,G,B
Dark Jungle Green   Hex=#1a2421,35,32,32
Color,R,G,B
Beaver   Hex=#9f8170,156,120,112
Color,R,G,B
Smoky Black   Hex=#100c08,10,12,12
Color,R,G,B
Grullo   Hex=#a99a86,160,154,146
Color,R,G,B
Dark Gray   Hex=#a9a9a9,163,161,154
Color,R,G,B
Manatee   Hex=#979aaa,160,160,155
Color,R,G,B
Grullo   Hex=#a99a86,148,152,142
Color,R,G,B
Taupe Gray   Hex=#8b8589,136,144,134
Color,R,G,B
Battleship Grey   Hex=#848482,132,138,130
Color,R,G,B
Battleship Grey   Hex=#848482,137,140,130
Color,R,G,B
Taupe Gray   Hex=#8b8589,147,148,139
Color,R,G,B
Dark Gray   Hex=#a9a9a9,164,165,155
Color,R,G,B
Dark Gray   Hex=#a9a9a9,166,167,158
Color,R,G,B
Dark Gray   Hex=#a9a9a9,172,166,158
Color,R,G,B
Grullo   Hex=#a99a86,161,162,150
Color,R,G,B
Grullo   Hex=#a99a86,160,159,150
Color,R,G,B
Taupe Gray   Hex=#8b8589,149,150,138
Color,R,G,B
Taupe Gray   Hex=#8b8589,138,137,137
Color,R,G,B
Taupe Gray   Hex=#8b8589,141,142,132
Color,R,G,B
Taupe Gray   Hex=#8b8589,148,149,139
Color,R,G,B
Taupe Gray   Hex=#8b8589,142,145,135
Color,R,G,B
Taupe Gray   Hex=#8b8589,139,142,132
Color,R,G,B
Taupe Gray   Hex=#8b8589,140,145,135
Color,R,G,B
Dark Gray   Hex=#a9a9a9,168,168,161
Color,R,G,B
Dark Gray   Hex=#a9a9a9,179,176,167
Color,R,G,B
Dark Gray   Hex=#a9a9a9,168,164,156
Color,R,G,B
Dark Gray   Hex=#a9a9a9,167,163,153
Color,R,G,B
Grullo   Hex=#a99a86,164,161,150
Color,R,G,B
Gray (X11 Gray)   Hex=#bebebe,189,185,179
Color,R,G,B
Trolley Grey   Hex=#808080,124,132,123
Color,R,G,B
Ebony   Hex=#555d50,89,92,80
Color,R,G,B
Ebony   Hex=#555d50,89,92,80
Color,R,G,B
Ebony   Hex=#555d50,89,92,80
Color,R,G,B
Manatee   Hex=#979aaa,156,157,150
Color,R,G,B
Dark Gray   Hex=#a9a9a9,165,167,160
Color,R,G,B
Dark Gray   Hex=#a9a9a9,174,170,164
Color,R,G,B
Dark Gray   Hex=#a9a9a9,175,171,163
Color,R,G,B
Dark Gray   Hex=#a9a9a9,162,162,156
Color,R,G,B
Ebony   Hex=#555d50,89,92,80
Color,R,G,B
Ebony   Hex=#555d50,89,92,80
Color,R,G,B
Ebony   Hex=#555d50,89,92,80
Color,R,G,B
Ebony   Hex=#555d50,89,92,80
Color,R,G,B
Ebony   Hex=#555d50,89,92,80
Color,R,G,B
Ebony   Hex=#555d50,89,92,80
Color,R,G,B
Ebony   Hex=#555d50,89,92,80
Color,R,G,B
Ebony   Hex=#555d50,89,92,80
Color,R,G,B
Ebony   Hex=#555d50,89,92,80
Color,R,G,B
Ebony   Hex=#555d50,89,92,80
Color,R,G,B
Ebony   Hex=#555d50,89,92,80
Color,R,G,B
White   Hex=#fff,255,255,255
Color,R,G,B
White   Hex=#fff,255,255,255
Color,R,G,B
Battleship Grey   Hex=#848482,132,131,122
Color,R,G,B
Trolley Grey   Hex=#808080,136,125,118
Color,R,G,B
Trolley Grey   Hex=#808080,131,127,118
Color,R,G,B
Trolley Grey   Hex=#808080,130,129,120
Color,R,G,B
Battleship Grey   Hex=#848482,132,131,122
Color,R,G,B
Battleship Grey   Hex=#848482,132,131,122
Color,R,G,B
White   Hex=#fff,255,255,255
Color,R,G,B
Battleship Grey   Hex=#848482,132,131,122
Color,R,G,B
Trolley Grey   Hex=#808080,130,128,120
Color,R,G,B
Davy'S Grey   Hex=#555,80,85,77
Color,R,G,B
Ebony   Hex=#555d50,84,89,81
Color,R,G,B
Trolley Grey   Hex=#808080,130,128,120
Color,R,G,B
Trolley Grey   Hex=#808080,130,128,120
Color,R,G,B
Trolley Grey   Hex=#808080,130,128,120
Color,R,G,B
Trolley Grey   Hex=#808080,130,128,120
Color,R,G,B
Trolley Grey   Hex=#808080,130,128,120
Color,R,G,B
White   Hex=#fff,253,253,253
Color,R,G,B
White   Hex=#fff,255,255,255
Color,R,G,B
White   Hex=#fff,255,255,255
Color,R,G,B
Snow   Hex=#fffafa,252,251,251
Color,R,G,B
White   Hex=#fff,255,255,255
Color,R,G,B
White   Hex=#fff,255,255,255
Color,R,G,B
Trolley Grey   Hex=#808080,130,128,120
Color,R,G,B
Trolley Grey   Hex=#808080,130,128,120
Color,R,G,B
Trolley Grey   Hex=#808080,130,128,120
Color,R,G,B
Trolley Grey   Hex=#808080,130,128,120
Color,R,G,B
Battleship Grey   Hex=#848482,134,132,124
Color,R,G,B
Trolley Grey   Hex=#808080,130,128,120
Color,R,G,B
Trolley Grey   Hex=#808080,130,128,120
Color,R,G,B
Trolley Grey   Hex=#808080,130,128,120
Color,R,G,B
Trolley Grey   Hex=#808080,130,128,120
Color,R,G,B
Trolley Grey   Hex=#808080,130,128,120
Color,R,G,B
Trolley Grey   Hex=#808080,123,126,118
Color,R,G,B
Aurometalsaurus   Hex=#6e7f80,109,121,111
Color,R,G,B
Dim Gray   Hex=#696969,107,117,108
Color,R,G,B
Dim Gray   Hex=#696969,107,117,108
Color,R,G,B
Pastel Gray   Hex=#cfcfc4,198,203,198
Color,R,G,B
Dark Gray   Hex=#a9a9a9,166,174,167
Color,R,G,B
Pastel Gray   Hex=#cfcfc4,203,207,203
Color,R,G,B
Dim Gray   Hex=#696969,100,105,97
Color,R,G,B
Dim Gray   Hex=#696969,96,101,95
Color,R,G,B
Dim Gray   Hex=#696969,95,100,95
Color,R,G,B
Dim Gray   Hex=#696969,95,100,95
Color,R,G,B
Dim Gray   Hex=#696969,107,117,108
Color,R,G,B
Dim Gray   Hex=#696969,107,117,108
Color,R,G,B
Dim Gray   Hex=#696969,107,117,108
Color,R,G,B
Dim Gray   Hex=#696969,107,117,108
Color,R,G,B
Dim Gray   Hex=#696969,107,117,108
Color,R,G,B
Camouflage Green   Hex=#78866b,117,120,110
Color,R,G,B
Camouflage Green   Hex=#78866b,115,121,110
Color,R,G,B
Dim Gray   Hex=#696969,113,118,110
Color,R,G,B
Xanadu   Hex=#738678,121,126,120
Color,R,G,B
Taupe Gray   Hex=#8b8589,137,139,132
Color,R,G,B
Battleship Grey   Hex=#848482,137,141,131
Color,R,G,B
Taupe Gray   Hex=#8b8589,148,149,139
Color,R,G,B
Taupe Gray   Hex=#8b8589,142,147,137
Color,R,G,B
Taupe Gray   Hex=#8b8589,143,149,138
Color,R,G,B
Manatee   Hex=#979aaa,151,152,143
Color,R,G,B
Taupe Gray   Hex=#8b8589,149,150,143
Color,R,G,B
Manatee   Hex=#979aaa,156,159,154
Color,R,G,B
Manatee   Hex=#979aaa,157,158,149
Color,R,G,B
Dark Gray   Hex=#a9a9a9,161,167,163
Color,R,G,B
Dark Gray   Hex=#a9a9a9,171,176,171
Color,R,G,B
Ash Grey   Hex=#b2beb5,185,186,181
Color,R,G,B
Gray (X11 Gray)   Hex=#bebebe,188,188,184
Color,R,G,B
Gray (X11 Gray)   Hex=#bebebe,191,191,187
Color,R,G,B
Silver   Hex=#c0c0c0,197,195,191
Color,R,G,B
Pale Silver   Hex=#c9c0bb,200,197,197
Color,R,G,B
Pastel Gray   Hex=#cfcfc4,201,199,195
Color,R,G,B
Silver   Hex=#c0c0c0,199,197,193
Color,R,G,B
Silver   Hex=#c0c0c0,197,195,191
Color,R,G,B
Silver   Hex=#c0c0c0,196,194,190
Color,R,G,B
Silver   Hex=#c0c0c0,196,194,190
Color,R,G,B
Silver   Hex=#c0c0c0,198,197,191
Color,R,G,B
Ash Grey   Hex=#b2beb5,183,183,179
Color,R,G,B
Dark Gray   Hex=#a9a9a9,168,169,167
Color,R,G,B
Dark Gray   Hex=#a9a9a9,161,161,156
Color,R,G,B
Manatee   Hex=#979aaa,158,159,150
Color,R,G,B
Manatee   Hex=#979aaa,152,154,149
Color,R,G,B
Manatee   Hex=#979aaa,150,152,147
Color,R,G,B
Taupe Gray   Hex=#8b8589,149,150,138
Color,R,G,B
Taupe Gray   Hex=#8b8589,144,145,135
Color,R,G,B
Taupe Gray   Hex=#8b8589,144,145,137
Color,R,G,B
Taupe Gray   Hex=#8b8589,143,144,136
Color,R,G,B
Taupe Gray   Hex=#8b8589,143,149,138
Color,R,G,B
Manatee   Hex=#979aaa,150,151,146
Color,R,G,B
Manatee   Hex=#979aaa,156,161,155
Color,R,G,B
Dark Gray   Hex=#a9a9a9,161,162,158
Color,R,G,B
Dark Gray   Hex=#a9a9a9,161,161,154
Color,R,G,B
Dark Gray   Hex=#a9a9a9,166,165,158
Color,R,G,B
Dark Gray   Hex=#a9a9a9,169,168,161
Color,R,G,B
Dark Gray   Hex=#a9a9a9,167,167,162
Color,R,G,B
Dark Gray   Hex=#a9a9a9,169,170,166
Color,R,G,B
Dark Gray   Hex=#a9a9a9,174,172,168
Color,R,G,B
Ash Grey   Hex=#b2beb5,181,179,173
Color,R,G,B
Dark Gray   Hex=#a9a9a9,179,174,168
Color,R,G,B
Ash Grey   Hex=#b2beb5,188,185,177
Color,R,G,B
Gray (X11 Gray)   Hex=#bebebe,189,184,181
Color,R,G,B
Gray (X11 Gray)   Hex=#bebebe,190,186,182
Color,R,G,B
Pale Silver   Hex=#c9c0bb,196,191,188
Color,R,G,B
Pale Silver   Hex=#c9c0bb,200,198,194
Color,R,G,B
Pastel Gray   Hex=#cfcfc4,201,199,195
Color,R,G,B
Pale Silver   Hex=#c9c0bb,201,198,195
Color,R,G,B
Silver   Hex=#c0c0c0,198,198,194
Color,R,G,B
Lavender Gray   Hex=#c4c3d0,200,200,200
Color,R,G,B
Lavender Gray   Hex=#c4c3d0,198,198,198
Color,R,G,B
Trolley Grey   Hex=#808080,129,129,130
Color,R,G,B
Licorice   Hex=#1a1110,20,17,14
Color,R,G,B
Licorice   Hex=#1a1110,25,21,19
Color,R,G,B
Licorice   Hex=#1a1110,26,22,18
Color,R,G,B
Licorice   Hex=#1a1110,26,22,18
Color,R,G,B
Licorice   Hex=#1a1110,29,25,21
Color,R,G,B
Taupe Gray   Hex=#8b8589,142,140,133
Color,R,G,B
Lavender Gray   Hex=#c4c3d0,194,195,201
Color,R,G,B
Pastel Gray   Hex=#cfcfc4,201,207,206
Color,R,G,B
Light Gray   Hex=#d3d3d3,208,212,212
Color,R,G,B
Light Gray   Hex=#d3d3d3,205,209,211
Color,R,G,B
Pastel Gray   Hex=#cfcfc4,205,207,206
Color,R,G,B
Light Gray   Hex=#d3d3d3,211,211,209
Color,R,G,B
Pastel Gray   Hex=#cfcfc4,207,207,207
Color,R,G,B
Pastel Gray   Hex=#cfcfc4,201,201,201
Color,R,G,B
Pastel Gray   Hex=#cfcfc4,203,201,199
Color,R,G,B
Silver   Hex=#c0c0c0,197,195,191
Color,R,G,B
Silver   Hex=#c0c0c0,199,197,193
Color,R,G,B
Dark Gray   Hex=#a9a9a9,182,176,169
Color,R,G,B
Dark Gray   Hex=#a9a9a9,172,172,168
Color,R,G,B
Dark Gray   Hex=#a9a9a9,173,171,164
Color,R,G,B
Dark Gray   Hex=#a9a9a9,173,171,165
Color,R,G,B
Dark Gray   Hex=#a9a9a9,173,174,167
Color,R,G,B
Dark Gray   Hex=#a9a9a9,173,174,169
Color,R,G,B
Dark Gray   Hex=#a9a9a9,180,175,172
Color,R,G,B
Gray (X11 Gray)   Hex=#bebebe,191,190,185
Color,R,G,B
Pastel Gray   Hex=#cfcfc4,200,198,196
Color,R,G,B
Lavender Gray   Hex=#c4c3d0,199,199,199
Color,R,G,B
Pastel Gray   Hex=#cfcfc4,204,205,205
Color,R,G,B
Licorice   Hex=#1a1110,23,20,21
Color,R,G,B
Licorice   Hex=#1a1110,32,26,23
Color,R,G,B
Licorice   Hex=#1a1110,21,20,16
Color,R,G,B
Licorice   Hex=#1a1110,18,15,16
Color,R,G,B
Licorice   Hex=#1a1110,25,23,25
Color,R,G,B
Dark Jungle Green   Hex=#1a2421,30,28,30
Color,R,G,B
Dark Jungle Green   Hex=#1a2421,31,28,31
Color,R,G,B
Licorice   Hex=#1a1110,23,20,23
Color,R,G,B
Dark Jungle Green   Hex=#1a2421,46,35,35
Color,R,G,B
Licorice   Hex=#1a1110,28,22,22
Color,R,G,B
Licorice   Hex=#1a1110,29,22,20
Color,R,G,B
Black Olive   Hex=#3b3c36,61,59,59
Color,R,G,B
Liver   Hex=#534b4f,79,76,77
Color,R,G,B
Liver   Hex=#534b4f,79,77,76
Color,R,G,B
Outer Space   Hex=#414a4c,75,74,63
Color,R,G,B
Rifle Green   Hex=#414833,72,71,60
Color,R,G,B
Rifle Green   Hex=#414833,69,68,61
Color,R,G,B
Rifle Green   Hex=#414833,67,65,59
Color,R,G,B
Rifle Green   Hex=#414833,66,67,62
Color,R,G,B
Black Olive   Hex=#3b3c36,62,61,54
Color,R,G,B
Bistre   Hex=#3d2b1f,49,45,37
Color,R,G,B
Bistre   Hex=#3d2b1f,48,44,36
Color,R,G,B
Bistre   Hex=#3d2b1f,47,43,35
Color,R,G,B
Bistre   Hex=#3d2b1f,44,41,32
Color,R,G,B
Red   Hex=#f00,255,0,0
Color,R,G,B
Red   Hex=#f00,255,0,0
Color,R,G,B
Red   Hex=#f00,255,0,0
Color,R,G,B
Red   Hex=#f00,255,0,0
Color,R,G,B
Red   Hex=#f00,255,0,0
Color,R,G,B
Outer Space   Hex=#414a4c,71,69,65
Color,R,G,B
Black Olive   Hex=#3b3c36,57,59,53
Color,R,G,B
Black Olive   Hex=#3b3c36,60,59,52
Color,R,G,B
Rifle Green   Hex=#414833,70,69,61
Color,R,G,B
Rifle Green   Hex=#414833,72,71,62
Color,R,G,B
Red   Hex=#f00,255,0,0
Color,R,G,B
Red   Hex=#f00,255,0,0
Color,R,G,B
Rifle Green   Hex=#414833,64,67,56
Color,R,G,B
Black Olive   Hex=#3b3c36,62,65,56
Color,R,G,B
Red   Hex=#f00,255,0,0
Color,R,G,B
Jet   Hex=#343434,53,53,46
Color,R,G,B
Licorice   Hex=#1a1110,18,16,16
Color,R,G,B
Smoky Black   Hex=#100c08,6,6,6
Color,R,G,B
Black   Hex=#000,5,6,6
Color,R,G,B
Smoky Black   Hex=#100c08,5,6,7
Color,R,G,B
Smoky Black   Hex=#100c08,7,7,7
Color,R,G,B
Red   Hex=#f00,255,0,0
Color,R,G,B
Smoky Black   Hex=#100c08,6,6,7
Color,R,G,B
Smoky Black   Hex=#100c08,7,7,9
Color,R,G,B
Black   Hex=#000,1,6,7
Color,R,G,B
Black   Hex=#000,2,6,8
Color,R,G,B
Black   Hex=#000,2,6,8
Color,R,G,B
Smoky Black   Hex=#100c08,5,6,8
Color,R,G,B
Smoky Black   Hex=#100c08,5,6,8
Color,R,G,B
Smoky Black   Hex=#100c08,8,8,6
Color,R,G,B
Black Olive   Hex=#3b3c36,60,59,50
Color,R,G,B
Taupe   Hex=#483c32,73,69,64
Color,R,G,B
Quartz   Hex=#51484f,75,70,65
Color,R,G,B
Jet   Hex=#343434,49,51,44
Color,R,G,B
Red   Hex=#f00,255,0,0
Color,R,G,B
Smoky Black   Hex=#100c08,7,7,7
Color,R,G,B
Black   Hex=#000,5,5,5
Color,R,G,B
Black   Hex=#000,4,3,6
Color,R,G,B
Black   Hex=#000,5,5,5
Color,R,G,B
Smoky Black   Hex=#100c08,6,6,6
Color,R,G,B
Red   Hex=#f00,255,0,0
Color,R,G,B
Black   Hex=#000,4,4,4
Color,R,G,B
Smoky Black   Hex=#100c08,5,7,8
Color,R,G,B
Black Leather Jacket   Hex=#253529,37,39,45
Color,R,G,B
Dark Jungle Green   Hex=#1a2421,26,39,46
Color,R,G,B
Licorice   Hex=#1a1110,12,20,28
Color,R,G,B
Smoky Black   Hex=#100c08,4,12,17
Color,R,G,B
Smoky Black   Hex=#100c08,3,9,14
Color,R,G,B
Black   Hex=#000,2,7,8
Color,R,G,B
Smoky Black   Hex=#100c08,4,6,8
Color,R,G,B
Red   Hex=#f00,255,0,0
Color,R,G,B
Red   Hex=#f00,255,0,0
Color,R,G,B
Red   Hex=#f00,255,0,0
Color,R,G,B
Red   Hex=#f00,255,0,0
Color,R,G,B
Red   Hex=#f00,255,0,0
Color,R,G,B
Red   Hex=#f00,255,0,0
Color,R,G,B
Red   Hex=#f00,255,0,0
Color,R,G,B
Red   Hex=#f00,255,0,0
Color,R,G,B
Red   Hex=#f00,255,0,0
Color,R,G,B
Black   Hex=#000,4,3,5
Color,R,G,B
Black   Hex=#000,5,4,7
Color,R,G,B
Black   Hex=#000,2,4,6
Color,R,G,B
Black   Hex=#000,3,5,7
Color,R,G,B
Black   Hex=#000,3,5,7
Color,R,G,B
Black   Hex=#000,3,5,7
Color,R,G,B
Red   Hex=#f00,255,0,0
Color,R,G,B
Smoky Black   Hex=#100c08,5,7,9
Color,R,G,B
Smoky Black   Hex=#100c08,6,7,9
Color,R,G,B
Smoky Black   Hex=#100c08,6,6,8
Color,R,G,B
Smoky Black   Hex=#100c08,8,8,10
Color,R,G,B
Red   Hex=#f00,255,0,0
Color,R,G,B
Smoky Black   Hex=#100c08,18,13,13
Color,R,G,B
Red   Hex=#f00,255,0,0
Color,R,G,B
Red   Hex=#f00,255,0,0
Color,R,G,B
Red   Hex=#f00,255,0,0
Color,R,G,B
Red   Hex=#f00,255,0,0
Color,R,G,B
Taupe   Hex=#483c32,68,62,57
Color,R,G,B
Licorice   Hex=#1a1110,32,23,22
Color,R,G,B
Silver   Hex=#c0c0c0,191,200,200
Color,R,G,B
Jet   Hex=#343434,47,44,45
Color,R,G,B
Licorice   Hex=#1a1110,18,16,16
Color,R,G,B
Licorice   Hex=#1a1110,28,26,22
Color,R,G,B
Silver   Hex=#c0c0c0,194,192,192
Color,R,G,B
Pastel Gray   Hex=#cfcfc4,203,201,202
Color,R,G,B
Pastel Gray   Hex=#cfcfc4,204,204,204
Color,R,G,B
Light Gray   Hex=#d3d3d3,208,210,210
Dark Sienna   Hex=#3c1414,56,22,19
Color,R,G,B
Dark Sienna   Hex=#3c1414,57,27,19
Color,R,G,B
Caput Mortuum   Hex=#592720,79,42,29
Color,R,G,B
Coffee   Hex=#6f4e37,104,67,52
Color,R,G,B
Taupe   Hex=#483c32,95,61,51
Color,R,G,B
Smoky Black   Hex=#100c08,13,8,11
Color,R,G,B
Olive Drab #7   Hex=#3c341f,50,47,37
Color,R,G,B
Taupe Gray   Hex=#8b8589,139,137,130
Color,R,G,B
Manatee   Hex=#979aaa,157,158,155
Color,R,G,B
Dark Gray   Hex=#a9a9a9,171,172,167
Color,R,G,B
Dark Gray   Hex=#a9a9a9,176,172,168
Color,R,G,B
Dark Gray   Hex=#a9a9a9,176,176,172
Color,R,G,B
Dark Gray   Hex=#a9a9a9,174,176,170
Color,R,G,B
Ash Grey   Hex=#b2beb5,181,179,173
Color,R,G,B
Ash Grey   Hex=#b2beb5,182,185,180
Color,R,G,B
Ash Grey   Hex=#b2beb5,182,184,184
Color,R,G,B
Ash Grey   Hex=#b2beb5,186,187,180
Color,R,G,B
Gray (X11 Gray)   Hex=#bebebe,186,191,186
Color,R,G,B
Gray (X11 Gray)   Hex=#bebebe,186,192,187
Color,R,G,B
Gray (X11 Gray)   Hex=#bebebe,185,190,189
Color,R,G,B
Gray (X11 Gray)   Hex=#bebebe,184,187,186
Color,R,G,B
Gray (X11 Gray)   Hex=#bebebe,187,187,187
Color,R,G,B
Gray (X11 Gray)   Hex=#bebebe,187,189,186
Color,R,G,B
Gray (X11 Gray)   Hex=#bebebe,186,188,185
Color,R,G,B
Gray (X11 Gray)   Hex=#bebebe,188,188,183
Color,R,G,B
Gray (X11 Gray)   Hex=#bebebe,188,188,183
Color,R,G,B
Gray (X11 Gray)   Hex=#bebebe,189,189,184
Color,R,G,B
Silver   Hex=#c0c0c0,191,194,191
Color,R,G,B
Gray (X11 Gray)   Hex=#bebebe,189,193,189
Color,R,G,B
Gray (X11 Gray)   Hex=#bebebe,186,188,185
Color,R,G,B
Gray (X11 Gray)   Hex=#bebebe,187,189,185
Color,R,G,B
Ash Grey   Hex=#b2beb5,185,187,184
Color,R,G,B
Ash Grey   Hex=#b2beb5,182,185,180
Color,R,G,B
Ash Grey   Hex=#b2beb5,184,187,182
Color,R,G,B
Gray (X11 Gray)   Hex=#bebebe,187,188,185
Color,R,G,B
Gray (X11 Gray)   Hex=#bebebe,189,189,186
Color,R,G,B
Gray (X11 Gray)   Hex=#bebebe,189,189,186
Color,R,G,B
Gray (X11 Gray)   Hex=#bebebe,188,188,185
Color,R,G,B
Gray (X11 Gray)   Hex=#bebebe,186,188,185
Color,R,G,B
Gray (X11 Gray)   Hex=#bebebe,187,189,189
Color,R,G,B
Gray (X11 Gray)   Hex=#bebebe,186,188,187
Color,R,G,B
Gray (X11 Gray)   Hex=#bebebe,186,188,187
Color,R,G,B
Ash Grey   Hex=#b2beb5,185,185,183
Color,R,G,B
Ash Grey   Hex=#b2beb5,186,184,182
Color,R,G,B
Gray (X11 Gray)   Hex=#bebebe,188,186,184
Color,R,G,B
Gray (X11 Gray)   Hex=#bebebe,188,185,184
Color,R,G,B
Ash Grey   Hex=#b2beb5,185,185,183
Color,R,G,B
Gray (X11 Gray)   Hex=#bebebe,186,186,184
Color,R,G,B
Ash Grey   Hex=#b2beb5,183,183,181
Color,R,G,B
Gray (X11 Gray)   Hex=#bebebe,185,185,185
Color,R,G,B
Ash Grey   Hex=#b2beb5,179,180,181
Color,R,G,B
Ash Grey   Hex=#b2beb5,183,183,181
Color,R,G,B
Dark Gray   Hex=#a9a9a9,174,174,171
Color,R,G,B
Dark Gray   Hex=#a9a9a9,169,170,163
Color,R,G,B
Camouflage Green   Hex=#78866b,123,124,112
Color,R,G,B
Dim Gray   Hex=#696969,111,112,100
Color,R,G,B
Aurometalsaurus   Hex=#6e7f80,111,118,113
Color,R,G,B
Dim Gray   Hex=#696969,101,106,101
Color,R,G,B
Dim Gray   Hex=#696969,97,102,97
Color,R,G,B
Ebony   Hex=#555d50,86,91,84
Color,R,G,B
Black Leather Jacket   Hex=#253529,40,37,43
Color,R,G,B
Licorice   Hex=#1a1110,23,22,29
Color,R,G,B
Licorice   Hex=#1a1110,17,15,23
Color,R,G,B
Licorice   Hex=#1a1110,19,14,22
Color,R,G,B
Smoky Black   Hex=#100c08,18,13,21
Color,R,G,B
Smoky Black   Hex=#100c08,17,12,20
Color,R,G,B
Smoky Black   Hex=#100c08,17,12,20
Color,R,G,B
Smoky Black   Hex=#100c08,15,12,19
Color,R,G,B
Smoky Black   Hex=#100c08,9,5,6
Color,R,G,B
Smoky Black   Hex=#100c08,12,7,6
Color,R,G,B
Smoky Black   Hex=#100c08,13,8,7
Color,R,G,B
Smoky Black   Hex=#100c08,12,8,6
Color,R,G,B
Smoky Black   Hex=#100c08,15,8,7
Color,R,G,B
Smoky Black   Hex=#100c08,17,7,7
Color,R,G,B
Smoky Black   Hex=#100c08,11,6,5
Color,R,G,B
Smoky Black   Hex=#100c08,10,6,5
Color,R,G,B
Smoky Black   Hex=#100c08,10,7,10
Color,R,G,B
Smoky Black   Hex=#100c08,10,7,10
Color,R,G,B
Smoky Black   Hex=#100c08,8,5,10
Color,R,G,B
Smoky Black   Hex=#100c08,8,5,10
Color,R,G,B
Smoky Black   Hex=#100c08,11,6,11
Color,R,G,B
Smoky Black   Hex=#100c08,10,5,10
Color,R,G,B
Smoky Black   Hex=#100c08,13,8,11
Color,R,G,B
Smoky Black   Hex=#100c08,14,9,15
Color,R,G,B
Smoky Black   Hex=#100c08,11,6,9
Color,R,G,B
Smoky Black   Hex=#100c08,11,6,7
Color,R,G,B
Smoky Black   Hex=#100c08,12,7,8
Color,R,G,B
Smoky Black   Hex=#100c08,11,6,7
Color,R,G,B
Smoky Black   Hex=#100c08,11,4,6
Color,R,G,B
Smoky Black   Hex=#100c08,13,7,6
Color,R,G,B
Smoky Black   Hex=#100c08,12,7,8
Color,R,G,B
Smoky Black   Hex=#100c08,9,6,10
Color,R,G,B
Smoky Black   Hex=#100c08,11,8,17
Color,R,G,B
Smoky Black   Hex=#100c08,10,7,14
Color,R,G,B
Smoky Black   Hex=#100c08,10,7,12
Color,R,G,B
Smoky Black   Hex=#100c08,13,11,17
Color,R,G,B
Smoky Black   Hex=#100c08,16,11,19
Color,R,G,B
Licorice   Hex=#1a1110,23,17,21
Color,R,G,B
Licorice   Hex=#1a1110,22,18,22
Color,R,G,B
Dark Jungle Green   Hex=#1a2421,29,30,34
Color,R,G,B
Dark Jungle Green   Hex=#1a2421,34,38,42
Color,R,G,B
Black Leather Jacket   Hex=#253529,36,40,45
Color,R,G,B
Black Leather Jacket   Hex=#253529,38,41,46
Color,R,G,B
Black Leather Jacket   Hex=#253529,40,44,47
Color,R,G,B
Jet   Hex=#343434,49,46,46
Color,R,G,B
Jet   Hex=#343434,54,47,49
Color,R,G,B
Onyx   Hex=#353839,58,53,59
Color,R,G,B
Taupe   Hex=#483c32,73,59,66
Color,R,G,B
Eggplant   Hex=#614051,92,62,70
Color,R,G,B
Wenge   Hex=#645452,112,79,82
Color,R,G,B
Pastel Brown   Hex=#836953,124,90,84
Color,R,G,B
Pastel Brown   Hex=#836953,123,89,81
Color,R,G,B
Pastel Brown   Hex=#836953,130,86,78
Color,R,G,B
Pastel Brown   Hex=#836953,135,90,82
Color,R,G,B
Pastel Brown   Hex=#836953,135,91,83
Color,R,G,B
Pastel Brown   Hex=#836953,130,87,81
Color,R,G,B
Tuscan Red   Hex=#7c4848,125,83,72
Color,R,G,B
Tuscan Red   Hex=#7c4848,124,81,71
Color,R,G,B
Tuscan Red   Hex=#7c4848,124,81,73
Color,R,G,B
Raw Umber   Hex=#826644,130,88,75
Color,R,G,B
Tuscan Red   Hex=#7c4848,128,88,74
Color,R,G,B
Tuscan Red   Hex=#7c4848,123,83,70
Color,R,G,B
Coffee   Hex=#6f4e37,115,76,62
Color,R,G,B
Coffee   Hex=#6f4e37,106,70,55
Color,R,G,B
Taupe   Hex=#483c32,94,61,51
Color,R,G,B
Bistre   Hex=#3d2b1f,67,38,34
Color,R,G,B
Seal Brown   Hex=#321414,44,24,22
Color,R,G,B
Licorice   Hex=#1a1110,30,14,15
Color,R,G,B
Licorice   Hex=#1a1110,27,14,14
Color,R,G,B
Licorice   Hex=#1a1110,28,15,16
Color,R,G,B
Licorice   Hex=#1a1110,31,17,17
Color,R,G,B
Licorice   Hex=#1a1110,31,17,16
Color,R,G,B
Licorice   Hex=#1a1110,31,17,15
Color,R,G,B
Licorice   Hex=#1a1110,31,17,15
Color,R,G,B
Licorice   Hex=#1a1110,29,12,12
Color,R,G,B
Licorice   Hex=#1a1110,26,11,11
Color,R,G,B
Smoky Black   Hex=#100c08,22,8,10
Color,R,G,B
Licorice   Hex=#1a1110,35,19,20
Color,R,G,B
Seal Brown   Hex=#321414,35,21,24
Color,R,G,B
Licorice   Hex=#1a1110,32,18,20
Color,R,G,B
Bistre   Hex=#3d2b1f,59,39,37
Color,R,G,B
Café Noir   Hex=#4b3621,77,51,43
Color,R,G,B
Otter Brown   Hex=#654321,99,61,54
Color,R,G,B
Deep Coffee   Hex=#704241,112,67,59
Color,R,G,B
Deep Coffee   Hex=#704241,111,68,60
Color,R,G,B
Deep Coffee   Hex=#704241,107,66,60
Color,R,G,B
Deep Coffee   Hex=#704241,107,66,60
Color,R,G,B
Deep Coffee   Hex=#704241,108,63,55
Color,R,G,B
Deep Coffee   Hex=#704241,109,62,52
Color,R,G,B
Deep Coffee   Hex=#704241,109,62,52
Color,R,G,B
Deep Coffee   Hex=#704241,110,63,53
Color,R,G,B
Deep Coffee   Hex=#704241,108,61,50
Color,R,G,B
Deep Coffee   Hex=#704241,108,61,50
Color,R,G,B
Wine   Hex=#722f37,105,60,50
Color,R,G,B
Otter Brown   Hex=#654321,100,60,49
Color,R,G,B
Taupe   Hex=#483c32,96,60,48
Color,R,G,B
Otter Brown   Hex=#654321,98,60,49
Color,R,G,B
Otter Brown   Hex=#654321,98,56,43
Color,R,G,B
Otter Brown   Hex=#654321,97,55,43
Color,R,G,B
Otter Brown   Hex=#654321,95,55,46
Color,R,G,B
Otter Brown   Hex=#654321,96,57,47
Color,R,G,B
Taupe   Hex=#483c32,95,59,52
Color,R,G,B
Taupe   Hex=#483c32,95,61,52
Color,R,G,B
Deep Coffee   Hex=#704241,99,66,55
Color,R,G,B
Rose Ebony   Hex=#674846,100,67,56
Color,R,G,B
Otter Brown   Hex=#654321,97,62,52
Color,R,G,B
Café Noir   Hex=#4b3621,77,47,43
Color,R,G,B
Licorice   Hex=#1a1110,38,19,15
Color,R,G,B
Smoky Black   Hex=#100c08,23,6,5
Color,R,G,B
Smoky Black   Hex=#100c08,23,7,7
Color,R,G,B
Smoky Black   Hex=#100c08,32,7,8
Color,R,G,B
Smoky Black   Hex=#100c08,11,6,9
Color,R,G,B
Smoky Black   Hex=#100c08,12,5,9
Color,R,G,B
Smoky Black   Hex=#100c08,10,4,7
Color,R,G,B
Smoky Black   Hex=#100c08,9,5,8
Color,R,G,B
Black   Hex=#000,9,2,6
Color,R,G,B
Smoky Black   Hex=#100c08,11,4,6
Color,R,G,B
Smoky Black   Hex=#100c08,14,7,8
Color,R,G,B
Smoky Black   Hex=#100c08,15,8,9
Color,R,G,B
Smoky Black   Hex=#100c08,15,8,9
Color,R,G,B
Smoky Black   Hex=#100c08,15,8,9
Color,R,G,B
Smoky Black   Hex=#100c08,12,5,7
Color,R,G,B
Smoky Black   Hex=#100c08,14,6,8
Color,R,G,B
Smoky Black   Hex=#100c08,15,6,8
Color,R,G,B
Smoky Black   Hex=#100c08,14,7,8
Color,R,G,B
Smoky Black   Hex=#100c08,14,7,8
Color,R,G,B
Smoky Black   Hex=#100c08,12,5,7
Color,R,G,B
Smoky Black   Hex=#100c08,12,7,8
Color,R,G,B
Smoky Black   Hex=#100c08,14,9,10
Color,R,G,B
Dim Gray   Hex=#696969,109,100,103
Color,R,G,B
Dim Gray   Hex=#696969,112,104,109
Color,R,G,B
Cinereous   Hex=#98817b,153,143,133
Color,R,G,B
Manatee   Hex=#979aaa,160,160,159
Color,R,G,B
Dark Gray   Hex=#a9a9a9,173,175,173
Color,R,G,B
Dark Gray   Hex=#a9a9a9,174,175,173
Color,R,G,B
Ash Grey   Hex=#b2beb5,183,182,180
Color,R,G,B
Ash Grey   Hex=#b2beb5,179,179,176
Color,R,G,B
Ash Grey   Hex=#b2beb5,179,179,176
Color,R,G,B
Ash Grey   Hex=#b2beb5,183,182,177
